object_id,revenue_circle,district,timeperiod,predicted_flood_prob_%,predicted_flood_occurred,predicted_rainfall_mm,flood_alert_level
18-756-00249,Biswanath,BISWANATH,2026_09 (Today),12.19,0,610.1,LOW
18-759-00255,Donka,WEST KARBI ANGLONG,2026_09 (Today),9.22,0,1145.6,LOW
18-314-00275,Phuloni,KARBI ANGLONG,2026_09 (Today),3.5,0,1305.7,LOW
18-306-00137,Dhekiajuli (Pt),SONITPUR,2026_09 (Today),1.81,0,784.1,LOW
18-314-00178,Diphu,KARBI ANGLONG,2026_09 (Today),0.95,0,975.7,LOW
18-300-00101,Gossaigaon (Pt),KOKRAJHAR,2026_09 (Today),0.84,0,673.5,LOW
18-315-00183,Maibong,DIMA HASAO,2026_09 (Today),0.81,0,895.7,LOW
18-306-00138,Chariduar,SONITPUR,2026_09 (Today),0.57,0,660.0,LOW
18-314-00179,Silonijan,KARBI ANGLONG,2026_09 (Today),0.54,0,842.9,LOW
18-313-00177,Sarupathar,GOLAGHAT,2026_09 (Today),0.53,0,694.4,LOW
18-320-00207,Bijni (Pt),CHIRANG,2026_09 (Today),0.51,0,576.3,LOW
18-315-00181,Haflong,DIMA HASAO,2026_09 (Today),0.5,0,704.3,LOW
18-300-00104,Kokrajhar (Pt),KOKRAJHAR,2026_09 (Today),0.47,0,612.6,LOW
18-309-00157,Margherita,TINSUKIA,2026_09 (Today),0.43,0,789.7,LOW
18-313-00175,Golaghat,GOLAGHAT,2026_09 (Today),0.26,0,645.6,LOW
18-309-00156,Tinsukia,TINSUKIA,2026_09 (Today),0.21,0,560.0,LOW
18-303-00121,Baghbor,BARPETA,2026_09 (Today),0.18,0,293.2,LOW
18-758-00256,South Salmara,SOUTH SALMARA MANCACHAR,2026_09 (Today),0.18,0,238.0,LOW
18-321-00216,Boko,KAMRUP,2026_09 (Today),0.18,0,544.6,LOW
18-306-00139,Tezpur,SONITPUR,2026_09 (Today),0.17,0,348.2,LOW
18-760-00281,Majuli,MAJULI,2026_09 (Today),0.16,0,271.5,LOW
18-320-00205,Bengtal,CHIRANG,2026_09 (Today),0.16,0,400.3,LOW
18-302-00117,Matia,GOALPARA,2026_09 (Today),0.15,0,325.5,LOW
18-307-00146,Dhakuakhana (Pt-I),LAKHIMPUR,2026_09 (Today),0.15,0,313.2,LOW
18-316-00188,Lakhipur,CACHAR,2026_09 (Today),0.15,0,499.0,LOW
18-758-00257,Mankachar,SOUTH SALMARA MANCACHAR,2026_09 (Today),0.15,0,253.6,LOW
18-309-00154,Sadiya,TINSUKIA,2026_09 (Today),0.15,0,298.5,LOW
18-313-00173,Khumtai,GOLAGHAT,2026_09 (Today),0.15,0,270.4,LOW
18-317-00192,Patharkandi,KARIMGANJ,2026_09 (Today),0.14,0,461.1,LOW
18-317-00193,RamkrishnaNagar,KARIMGANJ,2026_09 (Today),0.14,0,382.4,LOW
18-317-00191,Nilambazar,KARIMGANJ,2026_09 (Today),0.14,0,203.3,LOW
18-316-00185,Silchar,CACHAR,2026_09 (Today),0.14,0,511.6,LOW
18-324-00231,Barnagar (Pt),BAKSA,2026_09 (Today),0.14,0,213.6,LOW
18-321-00211,Hajo,KAMRUP,2026_09 (Today),0.14,0,287.3,LOW
18-308-00151,Sissibargaon,DHEMAJI,2026_09 (Today),0.13,0,396.0,LOW
18-325-00269,Mangaldoi (Pt),DARRANG,2026_09 (Today),0.13,0,162.8,LOW
18-307-00145,North Lakhimpur,LAKHIMPUR,2026_09 (Today),0.13,0,379.0,LOW
18-306-00140,Na-Duar,SONITPUR,2026_09 (Today),0.13,0,440.9,LOW
18-326-00246,Udalguri,UDALGURI,2026_09 (Today),0.13,0,275.0,LOW
18-326-00247,Mazbat,UDALGURI,2026_09 (Today),0.13,0,195.3,LOW
18-303-00120,Kalgachia,BARPETA,2026_09 (Today),0.13,0,147.2,LOW
18-300-00103,Dotoma,KOKRAJHAR,2026_09 (Today),0.13,0,185.4,LOW
18-302-00119,Rangjuli,GOALPARA,2026_09 (Today),0.12,0,186.5,LOW
18-302-00118,Dudhnai,GOALPARA,2026_09 (Today),0.12,0,133.8,LOW
18-300-00102,Bhowraguri,KOKRAJHAR,2026_09 (Today),0.12,0,101.4,LOW
18-300-00105,Bagribari (Pt),KOKRAJHAR,2026_09 (Today),0.12,0,172.6,LOW
18-300-00107,Dhubri (Pt),KOKRAJHAR,2026_09 (Today),0.12,0,77.9,LOW
18-300-00106,Golokganj (Pt),KOKRAJHAR,2026_09 (Today),0.12,0,62.9,LOW
18-301-00109,Bagribari (Pt),DHUBRI,2026_09 (Today),0.12,0,88.1,LOW
18-301-00110,Agamoni,DHUBRI,2026_09 (Today),0.12,0,133.1,LOW
18-301-00111,Golokganj (Pt),DHUBRI,2026_09 (Today),0.12,0,90.4,LOW
18-300-00108,Chapar (Pt),KOKRAJHAR,2026_09 (Today),0.12,0,44.0,LOW
18-308-00150,Dhemaji,DHEMAJI,2026_09 (Today),0.12,0,224.3,LOW
18-308-00149,Subansiri (Pt-II),DHEMAJI,2026_09 (Today),0.12,0,104.0,LOW
18-308-00148,Dhakuakhana (Pt-II),DHEMAJI,2026_09 (Today),0.12,0,6.4,LOW
18-307-00147,Subansiri (Pt-I),LAKHIMPUR,2026_09 (Today),0.12,0,172.5,LOW
18-307-00143,Naobaicha,LAKHIMPUR,2026_09 (Today),0.12,0,284.3,LOW
18-307-00144,Kadam,LAKHIMPUR,2026_09 (Today),0.12,0,376.0,LOW
18-307-00141,Narayanpur,LAKHIMPUR,2026_09 (Today),0.12,0,183.8,LOW
18-307-00142,Bihpuria,LAKHIMPUR,2026_09 (Today),0.12,0,202.5,LOW
18-305-00136,Kampur,NAGAON,2026_09 (Today),0.12,0,171.9,LOW
18-305-00135,Raha,NAGAON,2026_09 (Today),0.12,0,179.6,LOW
18-304-00271,Mayong,MORIGAON,2026_09 (Today),0.12,0,196.5,LOW
18-305-00130,Kaliabor,NAGAON,2026_09 (Today),0.12,0,313.2,LOW
18-305-00131,Samaguri,NAGAON,2026_09 (Today),0.12,0,185.6,LOW
18-305-00132,Rupahi,NAGAON,2026_09 (Today),0.12,0,191.5,LOW
18-305-00133,Dhing,NAGAON,2026_09 (Today),0.12,0,164.0,LOW
18-305-00134,Nagaon,NAGAON,2026_09 (Today),0.12,0,196.0,LOW
18-304-00127,Laharighat,MORIGAON,2026_09 (Today),0.12,0,126.0,LOW
18-304-00126,Bhuragaon,MORIGAON,2026_09 (Today),0.12,0,97.4,LOW
18-303-00266,Chenga,BARPETA,2026_09 (Today),0.12,0,146.4,LOW
18-303-00264,Barnagar (Pt),BARPETA,2026_09 (Today),0.12,0,119.2,LOW
18-303-00123,Sarthebari,BARPETA,2026_09 (Today),0.12,0,96.4,LOW
18-303-00122,Barpeta,BARPETA,2026_09 (Today),0.12,0,152.4,LOW
18-304-00129,Mikirbheta,MORIGAON,2026_09 (Today),0.12,0,97.8,LOW
18-304-00128,Marigaon,MORIGAON,2026_09 (Today),0.12,0,182.1,LOW
18-301-00112,Dhubri (Pt),DHUBRI,2026_09 (Today),0.12,0,116.7,LOW
18-301-00113,Bilasipara (Pt),DHUBRI,2026_09 (Today),0.12,0,124.0,LOW
18-301-00274,Gossaigaon (Pt),DHUBRI,2026_09 (Today),0.12,0,46.8,LOW
18-301-00114,Chapar (Pt),DHUBRI,2026_09 (Today),0.12,0,97.9,LOW
18-302-00115,Lakhipur,GOALPARA,2026_09 (Today),0.12,0,207.6,LOW
18-302-00116,Balijana,GOALPARA,2026_09 (Today),0.12,0,278.6,LOW
18-310-00162,Moran,DIBRUGARH,2026_09 (Today),0.12,0,231.4,LOW
18-310-00161,Tengakhat,DIBRUGARH,2026_09 (Today),0.12,0,255.9,LOW
18-313-00174,Dergaon,GOLAGHAT,2026_09 (Today),0.12,0,209.9,LOW
18-313-00176,Morangi,GOLAGHAT,2026_09 (Today),0.12,0,215.7,LOW
18-312-00169,Teok,JORHAT,2026_09 (Today),0.12,0,168.6,LOW
18-312-00170,Titabor,JORHAT,2026_09 (Today),0.12,0,353.1,LOW
18-312-00171,Mariani,JORHAT,2026_09 (Today),0.12,0,244.7,LOW
18-312-00276,Jorhat West,JORHAT,2026_09 (Today),0.12,0,167.7,LOW
18-312-00277,Jorhat East,JORHAT,2026_09 (Today),0.12,0,64.5,LOW
18-313-00172,Bokakhat,GOLAGHAT,2026_09 (Today),0.12,0,403.1,LOW
18-311-00168,Nazira,SIVASAGAR,2026_09 (Today),0.12,0,224.4,LOW
18-311-00167,Amguri,SIVASAGAR,2026_09 (Today),0.12,0,146.7,LOW
18-316-00187,Sonai,CACHAR,2026_09 (Today),0.12,0,499.3,LOW
18-315-00182,Mahur,DIMA HASAO,2026_09 (Today),0.12,0,365.8,LOW
18-317-00190,Badarpur,KARIMGANJ,2026_09 (Today),0.12,0,95.8,LOW
18-316-00186,Udarbond,CACHAR,2026_09 (Today),0.12,0,347.5,LOW
18-316-00184,Katigora,CACHAR,2026_09 (Today),0.12,0,520.2,LOW
18-315-00180,Umrangso,DIMA HASAO,2026_09 (Today),0.12,0,530.5,LOW
18-318-00195,Hailakandi,HAILAKANDI,2026_09 (Today),0.12,0,108.2,LOW
18-318-00194,Algapur,HAILAKANDI,2026_09 (Today),0.12,0,101.3,LOW
18-317-00189,Karimganj,KARIMGANJ,2026_09 (Today),0.12,0,127.2,LOW
18-318-00196,Lala,HAILAKANDI,2026_09 (Today),0.12,0,170.0,LOW
18-319-00200,Srijangram,BONGAIGAON,2026_09 (Today),0.12,0,232.1,LOW
18-318-00197,Katlichara,HAILAKANDI,2026_09 (Today),0.12,0,473.6,LOW
18-310-00164,Naharkatiya,DIBRUGARH,2026_09 (Today),0.12,0,374.0,LOW
18-310-00163,Tingkhong,DIBRUGARH,2026_09 (Today),0.12,0,268.1,LOW
18-311-00166,Sibsagar,SIVASAGAR,2026_09 (Today),0.12,0,226.6,LOW
18-311-00165,Dimow,SIVASAGAR,2026_09 (Today),0.12,0,286.1,LOW
18-310-00159,Dibrugarh East,DIBRUGARH,2026_09 (Today),0.12,0,216.7,LOW
18-310-00160,Chabua,DIBRUGARH,2026_09 (Today),0.12,0,374.7,LOW
18-308-00153,Gogamukh,DHEMAJI,2026_09 (Today),0.12,0,204.9,LOW
18-308-00152,Jonai,DHEMAJI,2026_09 (Today),0.12,0,318.0,LOW
18-309-00155,Doom Dooma,TINSUKIA,2026_09 (Today),0.12,0,512.6,LOW
18-310-00158,Dibrugarh West,DIBRUGARH,2026_09 (Today),0.12,0,414.4,LOW
18-321-00210,Kamalpur,KAMRUP,2026_09 (Today),0.12,0,95.9,LOW
18-321-00209,Koya,KAMRUP,2026_09 (Today),0.12,0,29.0,LOW
18-321-00208,Rangia(Pt),KAMRUP,2026_09 (Today),0.12,0,64.9,LOW
18-320-00206,Sidli (Pt),CHIRANG,2026_09 (Today),0.12,0,154.7,LOW
18-320-00204,Barnagar (Pt),CHIRANG,2026_09 (Today),0.12,0,20.9,LOW
18-319-00201,Sidli (Pt-II),BONGAIGAON,2026_09 (Today),0.12,0,55.6,LOW
18-319-00202,Manikpur,BONGAIGAON,2026_09 (Today),0.12,0,127.1,LOW
18-320-00203,Kokrajhar (Pt),CHIRANG,2026_09 (Today),0.12,0,7.3,LOW
18-319-00199,Boitamari,BONGAIGAON,2026_09 (Today),0.12,0,161.9,LOW
18-319-00198,Bongaigaon(Pt),BONGAIGAON,2026_09 (Today),0.12,0,124.8,LOW
18-321-00273,Azara,KAMRUP,2026_09 (Today),0.12,0,240.8,LOW
18-321-00212,Chhaygaon,KAMRUP,2026_09 (Today),0.12,0,458.5,LOW
18-321-00215,Nagarbera,KAMRUP,2026_09 (Today),0.12,0,75.0,LOW
18-321-00217,NorthGuwahati,KAMRUP,2026_09 (Today),0.12,0,32.5,LOW
18-321-00214,Chamaria,KAMRUP,2026_09 (Today),0.12,0,85.9,LOW
18-321-00213,Goroimari,KAMRUP,2026_09 (Today),0.12,0,119.7,LOW
18-323-00224,Barkhetri,NALBARI,2026_09 (Today),0.12,0,189.3,LOW
18-323-00223,PachimNalbari,NALBARI,2026_09 (Today),0.12,0,52.4,LOW
18-323-00227,Banekuchi,NALBARI,2026_09 (Today),0.12,0,19.0,LOW
18-323-00225,Barbhag,NALBARI,2026_09 (Today),0.12,0,48.1,LOW
18-323-00228,Ghograpar (Pt),NALBARI,2026_09 (Today),0.12,0,44.5,LOW
18-323-00230,Baganpara (Pt),NALBARI,2026_09 (Today),0.12,0,4.0,LOW
18-324-00232,Ghograpar (Pt),BAKSA,2026_09 (Today),0.12,0,8.1,LOW
18-323-00226,Nalbari,NALBARI,2026_09 (Today),0.12,0,48.7,LOW
18-324-00233,Jalah (Pt),BAKSA,2026_09 (Today),0.12,0,122.0,LOW
18-322-00219,Guwahati,KAMRUP METRO,2026_09 (Today),0.12,0,40.9,LOW
18-322-00220,Sonapur,KAMRUP METRO,2026_09 (Today),0.12,0,160.3,LOW
18-322-00221,Chandrapur,KAMRUP METRO,2026_09 (Today),0.12,0,39.0,LOW
18-322-00267,North Guwahati (Pt),KAMRUP METRO,2026_09 (Today),0.12,0,43.1,LOW
18-323-00222,Tihu(Pt),NALBARI,2026_09 (Today),0.12,0,24.1,LOW
18-321-00218,Jalah (Pt),KAMRUP,2026_09 (Today),0.12,0,16.4,LOW
18-321-00272,Palasbari,KAMRUP,2026_09 (Today),0.12,0,287.0,LOW
18-325-00239,Sipajhar,DARRANG,2026_09 (Today),0.12,0,104.8,LOW
18-325-00238,Pathorighat (Pt),DARRANG,2026_09 (Today),0.12,0,56.9,LOW
18-325-00237,Khoirabari (Pt),DARRANG,2026_09 (Today),0.12,0,22.1,LOW
18-324-00263,Sarupeta (Pt),BAKSA,2026_09 (Today),0.12,0,62.3,LOW
18-324-00260,Baganpara (Pt),BAKSA,2026_09 (Today),0.12,0,61.9,LOW
18-324-00262,Baksa,BAKSA,2026_09 (Today),0.12,0,104.5,LOW
18-324-00234,Barama,BAKSA,2026_09 (Today),0.12,0,29.7,LOW
18-325-00270,Dalgaon (Pt),DARRANG,2026_09 (Today),0.12,0,297.4,LOW
18-326-00245,Harisinga,UDALGURI,2026_09 (Today),0.12,0,142.8,LOW
18-326-00244,Dalgaon (Pt),UDALGURI,2026_09 (Today),0.12,0,36.5,LOW
18-755-00248,Mahmora,CHARAIDEO,2026_09 (Today),0.12,0,204.5,LOW
18-326-00268,Kalaigaon (Pt),UDALGURI,2026_09 (Today),0.12,0,45.1,LOW
18-326-00242,Pathorighat (Pt),UDALGURI,2026_09 (Today),0.12,0,0.6,LOW
18-326-00243,Mangaldoi (Pt),UDALGURI,2026_09 (Today),0.12,0,3.2,LOW
18-326-00241,Khoirabari (Pt),UDALGURI,2026_09 (Today),0.12,0,64.3,LOW
18-326-00240,Dhekiajuli (Pt),UDALGURI,2026_09 (Today),0.12,0,22.6,LOW
18-756-00251,Gohpur,BISWANATH,2026_09 (Today),0.12,0,150.4,LOW
18-756-00250,Helem,BISWANATH,2026_09 (Today),0.12,0,167.8,LOW
18-755-00279,Sonari,CHARAIDEO,2026_09 (Today),0.12,0,292.7,LOW
18-755-00278,Sapekhati,CHARAIDEO,2026_09 (Today),0.12,0,319.7,LOW
18-757-00254,Lanka,HOJAI,2026_09 (Today),0.12,0,308.4,LOW
18-757-00253,Doboka,HOJAI,2026_09 (Today),0.12,0,129.2,LOW
18-757-00252,Hojai,HOJAI,2026_09 (Today),0.12,0,94.6,LOW
18-760-00280,Ujani Majuli,MAJULI,2026_09 (Today),0.12,0,130.5,LOW
18-799-00124,Bajali (Pt),BAJALI,2026_09 (Today),0.12,0,40.7,LOW
18-799-00125,Jalah (Pt),BAJALI,2026_09 (Today),0.12,0,10.1,LOW
18-799-00265,Sarupeta (Pt),BAJALI,2026_09 (Today),0.12,0,116.0,LOW
18-816-00235,Rangia (Pt),TAMULPUR,2026_09 (Today),0.12,0,7.5,LOW
18-816-00236,Pathorighat (Pt),TAMULPUR,2026_09 (Today),0.12,0,1.5,LOW
18-816-00258,Bajali (Pt),TAMULPUR,2026_09 (Today),0.12,0,5.6,LOW
18-816-00259,Goreswar (Pt),TAMULPUR,2026_09 (Today),0.12,0,66.6,LOW
18-816-00261,Tamulpur,TAMULPUR,2026_09 (Today),0.12,0,130.7,LOW
