district,total_circles,critical_alert_circles,high_alert_circles,avg_predicted_flood_prob_pct,avg_predicted_rainfall_mm
WEST KARBI ANGLONG,1,0,0,9.22,1145.6
BISWANATH,3,0,0,4.14,309.43
KARBI ANGLONG,3,0,0,1.66,1041.43
SONITPUR,4,0,0,0.67,558.3
DIMA HASAO,4,0,0,0.39,624.08
KOKRAJHAR,8,0,0,0.26,241.29
TINSUKIA,4,0,0,0.23,540.2
GOLAGHAT,6,0,0,0.22,406.52
CHIRANG,5,0,0,0.21,231.9
SOUTH SALMARA MANCACHAR,2,0,0,0.16,245.8
MAJULI,2,0,0,0.14,201.0
KAMRUP,13,0,0,0.13,179.81
GOALPARA,5,0,0,0.13,226.4
BARPETA,6,0,0,0.13,159.13
KARIMGANJ,5,0,0,0.13,253.96
CACHAR,5,0,0,0.13,475.52
LAKHIMPUR,7,0,0,0.13,273.04
BAKSA,7,0,0,0.12,86.01
BAJALI,3,0,0,0.12,55.6
JORHAT,5,0,0,0.12,199.72
HOJAI,3,0,0,0.12,177.4
HAILAKANDI,4,0,0,0.12,213.28
DIBRUGARH,7,0,0,0.12,305.03
CHARAIDEO,3,0,0,0.12,272.3
DARRANG,5,0,0,0.12,128.8
DHEMAJI,6,0,0,0.12,208.93
DHUBRI,7,0,0,0.12,99.57
BONGAIGAON,5,0,0,0.12,140.3
NAGAON,7,0,0,0.12,200.26
KAMRUP METRO,4,0,0,0.12,70.82
MORIGAON,5,0,0,0.12,139.96
NALBARI,8,0,0,0.12,53.76
SIVASAGAR,4,0,0,0.12,220.95
TAMULPUR,5,0,0,0.12,42.38
UDALGURI,9,0,0,0.12,87.27
