resource,url,what_it_proves
2018-2023 yearly statistics,https://www.nrsc.gov.in/sites/default/files/pdf/DMSP/Flood_Hazard_Zonation_Atlas_of_Assam_using_multi_sensor_satellite_data1998_2023.pdf,NRSC Flood Hazard Zonation Atlas; Table 3.2
2024 final flood memorandum,https://asdma.assam.gov.in/sites/default/files/swf_utility_folder/departments/asdma_revenue_uneecopscloud_com_oid_70/menu/document/assam_flood_memorandum_2024_.pdf,Government of Assam; cumulative snapshot and district tables
2023 NRSC satellite flood map,https://asdma.assam.gov.in/sites/default/files/swf_utility_folder/departments/asdma_revenue_uneecopscloud_com_oid_70/this_comm/as_2023_31_08_report.pdf,"NRSC/ISRO satellite inundation map/report, 31 Aug 2023"
2024 NRSC satellite flood map,https://ndem.nrsc.gov.in/documents/Disaster_Document/2024/AS/asflood50dsc10082024_1800hrs/asflood50dsc10082024_1800hrs_map.pdf,"NRSC/ISRO flood inundation map, 9 Aug 2024"
2019 NRSC satellite flood report,https://www.nrsc.gov.in/sites/default/files/pdf/DMSP/Assam%20Floods%202019.pdf,NRSC/ISRO Assam Floods 2019 satellite report
2020 NRSC flood maps index,https://www.nrsc.gov.in/nrscnew/2020_Floods.php,NRSC Disaster Management Support; Assam 2020 flood maps
2018 NRSC flood map,https://ndem.nrsc.gov.in/documents/Disaster_Document/2018/AS/asflood50dsc08092018/asflood50dsc08092018_map.pdf,"NRSC/ISRO RADARSAT-2 flood map, 8 Sep 2018"
ASDMA NRSC inundation mapping archive,https://asdma.assam.gov.in/resource/inundation-mapping-nrsc,"Government of Assam index of NRSC near-real-time inundation maps, 2021-2023"
NDEM/Bhuvan flood service,https://bhuvan-app1.nrsc.gov.in/disaster/usrtasks/flood/flood.php?uname=empty,"Historical flood maps, annual layers and hazard layers"
